epoch,acc,loss,val_acc,val_loss
0,0.9466666666666667,0.13172014561792214,0.95,0.15434859007596968
1,0.9616666666666667,0.11415376082062721,0.95,0.14692346155643463
